{"rate": 3.6693608, "likes": 0.32388, "dislikes": 0.05532, "product_id": 3635809.44424, "word_count": 9.83544, "char_len": 45.81644, "unique_word_ratio": 0.9719751556800051, "emoji_count": 0.00626, "hour": -1.0, "dayofweek": -1.0}